<?xml version="1.0" encoding="UTF-8"?>
<rss version="2.0" xmlns:ror="http://rorweb.com/0.1/" >
<channel>
  <title>ROR Sitemap for http://freekafanda.in/</title>
  <link>http://freekafanda.in/</link>

<item>
     <link>http://freekafanda.in/</link>
     <title>FreeKaFanda -  PHP, LARAVEL, WORDPRESS And GK INTERVIEW QUESTIONS &amp;amp; ANSWERS </title>
     <description> Prepare your-self for the interview by reading php, laravel, wordpress and gk Interview Questions and Answers. </description>
     <ror:updatePeriod></ror:updatePeriod>
     <ror:sortOrder>0</ror:sortOrder>
     <ror:resourceOf>sitemap</ror:resourceOf>
</item>
<item>
     <link>http://freekafanda.in/php</link>
     <title>FreeKaFanda -  PHP Interview Preparation Questions and Answers </title>
     <description> For fresher candidates who are facing interviews for the first time, here the Top fresher interview questions and answers. </description>
     <ror:updatePeriod></ror:updatePeriod>
     <ror:sortOrder>1</ror:sortOrder>
     <ror:resourceOf>sitemap</ror:resourceOf>
</item>
<item>
     <link>http://freekafanda.in/laravel</link>
     <title>FreeKaFanda -  Laravel Interview Preparation Questions and Answers </title>
     <description> For fresher candidates who are facing interviews for the first time, here the Top fresher interview questions and answers. </description>
     <ror:updatePeriod></ror:updatePeriod>
     <ror:sortOrder>1</ror:sortOrder>
     <ror:resourceOf>sitemap</ror:resourceOf>
</item>
<item>
     <link>http://freekafanda.in/wordpress</link>
     <title>FreeKaFanda -  Wordpress Interview Preparation Questions and Answers </title>
     <description> For fresher candidates who are facing interviews for the first time, here the Top fresher interview questions and answers. </description>
     <ror:updatePeriod></ror:updatePeriod>
     <ror:sortOrder>1</ror:sortOrder>
     <ror:resourceOf>sitemap</ror:resourceOf>
</item>
<item>
     <link>http://freekafanda.in/gk</link>
     <title>FreeKaFanda -  General Knowledge PHP Interview Preparation Questions and Answers </title>
     <description> For fresher candidates who are facing interviews for the first time, here the Top fresher interview questions and answers. </description>
     <ror:updatePeriod></ror:updatePeriod>
     <ror:sortOrder>1</ror:sortOrder>
     <ror:resourceOf>sitemap</ror:resourceOf>
</item>
<item>
     <link>http://freekafanda.in/about-us</link>
     <title>FreeKaFanda -  ABOUT US | FreeKaFanda </title>
     <description> We only provide Question Answer and information, and we never ask for personal or private information. </description>
     <ror:updatePeriod></ror:updatePeriod>
     <ror:sortOrder>1</ror:sortOrder>
     <ror:resourceOf>sitemap</ror:resourceOf>
</item>
<item>
     <link>http://freekafanda.in/contact-us</link>
     <title>FreeKaFanda -  CONTACT US | Get In Touch </title>
     <description> We would be happy to help you. You can contact us .. </description>
     <ror:updatePeriod></ror:updatePeriod>
     <ror:sortOrder>1</ror:sortOrder>
     <ror:resourceOf>sitemap</ror:resourceOf>
</item>
<item>
     <link>http://freekafanda.in/test-php</link>
     <title>FreeKaFanda -  PHP Multiple Choice Questions and Answer </title>
     <description> Prepare yourself for the interview by reading Interview Questions and Answers, Multiple Choice Questions with Answers. </description>
     <ror:updatePeriod></ror:updatePeriod>
     <ror:sortOrder>1</ror:sortOrder>
     <ror:resourceOf>sitemap</ror:resourceOf>
</item>
<item>
     <link>http://freekafanda.in/test-laravel</link>
     <title>FreeKaFanda -  Laravel Multiple Choice Questions and answer </title>
     <description> Prepare yourself for the interview by reading Interview Questions and Answers, Multiple Choice Questions with Answers. </description>
     <ror:updatePeriod></ror:updatePeriod>
     <ror:sortOrder>1</ror:sortOrder>
     <ror:resourceOf>sitemap</ror:resourceOf>
</item>
<item>
     <link>http://freekafanda.in/test-wordpress</link>
     <title>FreeKaFanda -  Wordpress Multiple Choice Questions and answer </title>
     <description> Prepare yourself for the interview by reading Interview Questions and Answers, Multiple Choice Questions with Answers. </description>
     <ror:updatePeriod></ror:updatePeriod>
     <ror:sortOrder>1</ror:sortOrder>
     <ror:resourceOf>sitemap</ror:resourceOf>
</item>
<item>
     <link>http://freekafanda.in/privacy-policy</link>
     <title>FreeKaFanda -  Privacy Policy | FreeKaFanda </title>
     <description> We only provide articles and information, and we never ask for personal or private information. </description>
     <ror:updatePeriod></ror:updatePeriod>
     <ror:sortOrder>1</ror:sortOrder>
     <ror:resourceOf>sitemap</ror:resourceOf>
</item>
<item>
     <link>http://freekafanda.in/php?page=2</link>
     <title>FreeKaFanda -  PHP Interview Preparation Questions and Answers </title>
     <description> For fresher candidates who are facing interviews for the first time, here the Top fresher interview questions and answers. </description>
     <ror:updatePeriod></ror:updatePeriod>
     <ror:sortOrder>2</ror:sortOrder>
     <ror:resourceOf>sitemap</ror:resourceOf>
</item>
<item>
     <link>http://freekafanda.in/php?page=3</link>
     <title>FreeKaFanda -  PHP Interview Preparation Questions and Answers </title>
     <description> For fresher candidates who are facing interviews for the first time, here the Top fresher interview questions and answers. </description>
     <ror:updatePeriod></ror:updatePeriod>
     <ror:sortOrder>2</ror:sortOrder>
     <ror:resourceOf>sitemap</ror:resourceOf>
</item>
<item>
     <link>http://freekafanda.in/php?page=4</link>
     <title>FreeKaFanda -  PHP Interview Preparation Questions and Answers </title>
     <description> For fresher candidates who are facing interviews for the first time, here the Top fresher interview questions and answers. </description>
     <ror:updatePeriod></ror:updatePeriod>
     <ror:sortOrder>2</ror:sortOrder>
     <ror:resourceOf>sitemap</ror:resourceOf>
</item>
<item>
     <link>http://freekafanda.in/laravel?page=2</link>
     <title>FreeKaFanda -  Laravel Interview Preparation Questions and Answers </title>
     <description> For fresher candidates who are facing interviews for the first time, here the Top fresher interview questions and answers. </description>
     <ror:updatePeriod></ror:updatePeriod>
     <ror:sortOrder>2</ror:sortOrder>
     <ror:resourceOf>sitemap</ror:resourceOf>
</item>
<item>
     <link>http://freekafanda.in/php?page=1</link>
     <title>FreeKaFanda -  PHP Interview Preparation Questions and Answers </title>
     <description> For fresher candidates who are facing interviews for the first time, here the Top fresher interview questions and answers. </description>
     <ror:updatePeriod></ror:updatePeriod>
     <ror:sortOrder>3</ror:sortOrder>
     <ror:resourceOf>sitemap</ror:resourceOf>
</item>
<item>
     <link>http://freekafanda.in/laravel?page=1</link>
     <title>FreeKaFanda -  Laravel Interview Preparation Questions and Answers </title>
     <description> For fresher candidates who are facing interviews for the first time, here the Top fresher interview questions and answers. </description>
     <ror:updatePeriod></ror:updatePeriod>
     <ror:sortOrder>3</ror:sortOrder>
     <ror:resourceOf>sitemap</ror:resourceOf>
</item>
</channel>
</rss>
  